{"cameraMode":{"drawMode":0,"name":"Shaded","section":"Shading Mode"},"sceneLighting":true,"audioPlay":false,"sceneViewState":{"m_AlwaysRefresh":false,"showFog":true,"showSkybox":true,"showFlares":true,"showImageEffects":true,"showParticleSystems":true,"showVisualEffectGraphs":true,"m_FxEnabled":true},"in2DMode":false,"pivot":{"x":-2.1361629962921144,"y":27.36829948425293,"z":15.432446479797364},"rotation":{"x":0.7028126120567322,"y":-0.008545584976673127,"z":0.008425790816545487,"w":0.7112964391708374},"size":15.276150703430176,"orthographic":false}