{"cameraMode":{"drawMode":0,"name":"Shaded","section":"Shading Mode"},"sceneLighting":false,"audioPlay":false,"sceneViewState":{"m_AlwaysRefresh":false,"showFog":true,"showSkybox":false,"showFlares":true,"showImageEffects":true,"showParticleSystems":true,"showVisualEffectGraphs":true,"m_FxEnabled":true},"in2DMode":false,"pivot":{"x":11.221573829650879,"y":3.2009167671203615,"z":30.271081924438478},"rotation":{"x":0.15179023146629334,"y":0.7271526455879211,"z":-0.17063665390014649,"w":0.6474655866622925},"size":3.403449773788452,"orthographic":false}